[{"id":87,"queue_id":161,"service_id":3,"counter_id":2,"user_id":1,"token_letter":"LP","token_number":869,"called_date":"2023-03-22","started_at":"2023-03-22 12:47:23","ended_at":"2023-03-22 13:26:47","waiting_time":"00:00:13","served_time":"00:39:24","turn_around_time":"00:39:37","created_at":"2023-03-22T12:47:23.000000Z","updated_at":"2023-03-22T13:26:47.000000Z","call_status_id":1,"counter_time":2364,"counter":{"id":2,"name":"Pizza","status":1,"created_at":"2023-01-30T17:57:24.000000Z","updated_at":"2023-01-30T17:57:24.000000Z"}},{"id":86,"queue_id":157,"service_id":3,"counter_id":2,"user_id":1,"token_letter":"LP","token_number":868,"called_date":"2023-03-22","started_at":"2023-03-22 12:42:31","ended_at":"2023-03-22 12:43:04","waiting_time":"00:02:20","served_time":"00:00:33","turn_around_time":"00:02:53","created_at":"2023-03-22T12:42:31.000000Z","updated_at":"2023-03-22T12:43:04.000000Z","call_status_id":1,"counter_time":2656,"counter":{"id":2,"name":"Pizza","status":1,"created_at":"2023-01-30T17:57:24.000000Z","updated_at":"2023-01-30T17:57:24.000000Z"}}]