[{"id":85,"queue_id":152,"service_id":4,"counter_id":1,"user_id":1,"token_letter":"K","token_number":1,"called_date":"2023-02-02","started_at":"2023-02-02 12:58:39","ended_at":null,"waiting_time":"00:00:51","served_time":null,"turn_around_time":null,"created_at":"2023-02-02T12:58:39.000000Z","updated_at":"2023-02-02T12:58:39.000000Z","call_status_id":null,"counter_time":0,"counter":{"id":1,"name":"4","status":1,"created_at":"2023-01-30T09:09:45.000000Z","updated_at":"2023-01-30T09:09:56.000000Z"}}]