[{"id":20,"queue_id":224,"service_id":2,"counter_id":1,"user_id":1,"token_letter":"g","token_number":13,"called_date":"2024-01-25","started_at":"2024-01-25 16:19:10","ended_at":null,"waiting_time":"02:22:37","served_time":null,"turn_around_time":null,"created_at":"2024-01-25T16:19:10.000000Z","updated_at":"2024-01-25T16:19:10.000000Z","call_status_id":null,"counter_time":0,"counter":{"id":1,"name":"102","status":1,"created_at":"2024-01-11T13:26:15.000000Z","updated_at":"2024-01-25T05:25:42.000000Z"}},{"id":19,"queue_id":223,"service_id":2,"counter_id":1,"user_id":1,"token_letter":"g","token_number":12,"called_date":"2024-01-25","started_at":"2024-01-25 16:13:01","ended_at":"2024-01-25 16:13:36","waiting_time":"02:16:42","served_time":"00:00:35","turn_around_time":"02:17:17","created_at":"2024-01-25T16:13:01.000000Z","updated_at":"2024-01-25T16:13:36.000000Z","call_status_id":1,"counter_time":369,"counter":{"id":1,"name":"102","status":1,"created_at":"2024-01-11T13:26:15.000000Z","updated_at":"2024-01-25T05:25:42.000000Z"}},{"id":18,"queue_id":222,"service_id":2,"counter_id":1,"user_id":1,"token_letter":"g","token_number":11,"called_date":"2024-01-25","started_at":"2024-01-25 13:55:25","ended_at":"2024-01-25 16:12:56","waiting_time":"00:15:55","served_time":"02:17:31","turn_around_time":"02:33:26","created_at":"2024-01-25T13:55:25.000000Z","updated_at":"2024-01-25T16:12:56.000000Z","call_status_id":1,"counter_time":8625,"counter":{"id":1,"name":"102","status":1,"created_at":"2024-01-11T13:26:15.000000Z","updated_at":"2024-01-25T05:25:42.000000Z"}},{"id":17,"queue_id":221,"service_id":2,"counter_id":1,"user_id":1,"token_letter":"g","token_number":10,"called_date":"2024-01-25","started_at":"2024-01-25 13:51:19","ended_at":"2024-01-25 13:54:42","waiting_time":"03:54:31","served_time":"00:03:23","turn_around_time":"03:57:54","created_at":"2024-01-25T13:51:19.000000Z","updated_at":"2024-01-25T13:54:42.000000Z","call_status_id":1,"counter_time":8871,"counter":{"id":1,"name":"102","status":1,"created_at":"2024-01-11T13:26:15.000000Z","updated_at":"2024-01-25T05:25:42.000000Z"}},{"id":16,"queue_id":220,"service_id":2,"counter_id":1,"user_id":1,"token_letter":"g","token_number":9,"called_date":"2024-01-25","started_at":"2024-01-25 13:50:19","ended_at":"2024-01-25 13:51:10","waiting_time":"03:57:15","served_time":"00:00:51","turn_around_time":"03:58:06","created_at":"2024-01-25T13:50:19.000000Z","updated_at":"2024-01-25T13:51:10.000000Z","call_status_id":1,"counter_time":8931,"counter":{"id":1,"name":"102","status":1,"created_at":"2024-01-11T13:26:15.000000Z","updated_at":"2024-01-25T05:25:42.000000Z"}}]