[{"id":7,"queue_id":216,"service_id":1,"counter_id":1,"user_id":1,"token_letter":"R","token_number":3,"called_date":"2024-01-25","started_at":"2024-01-25 09:49:37","ended_at":"2024-01-25 09:50:34","waiting_time":"00:55:25","served_time":"00:00:57","turn_around_time":"00:56:22","created_at":"2024-01-25T09:49:58.000000Z","updated_at":"2024-01-25T09:50:34.000000Z","call_status_id":1,"counter_time":57,"counter":{"id":1,"name":"102","status":1,"created_at":"2024-01-11T13:26:15.000000Z","updated_at":"2024-01-25T05:25:42.000000Z"}},{"id":5,"queue_id":215,"service_id":1,"counter_id":1,"user_id":1,"token_letter":"R","token_number":2,"called_date":"2024-01-25","started_at":"2024-01-25 09:22:28","ended_at":"2024-01-25 09:22:58","waiting_time":"00:28:21","served_time":"00:00:30","turn_around_time":"00:28:51","created_at":"2024-01-25T09:22:28.000000Z","updated_at":"2024-01-25T09:22:58.000000Z","call_status_id":1,"counter_time":1686,"counter":{"id":1,"name":"102","status":1,"created_at":"2024-01-11T13:26:15.000000Z","updated_at":"2024-01-25T05:25:42.000000Z"}},{"id":4,"queue_id":210,"service_id":1,"counter_id":1,"user_id":1,"token_letter":"R","token_number":1,"called_date":"2024-01-25","started_at":"2024-01-25 05:28:13","ended_at":"2024-01-25 05:28:22","waiting_time":"00:00:19","served_time":"00:00:09","turn_around_time":"00:00:28","created_at":"2024-01-25T05:28:13.000000Z","updated_at":"2024-01-25T05:28:22.000000Z","call_status_id":1,"counter_time":15741,"counter":{"id":1,"name":"102","status":1,"created_at":"2024-01-11T13:26:15.000000Z","updated_at":"2024-01-25T05:25:42.000000Z"}}]