{"tokens_for_call":[],"called_tokens":[{"id":20,"queue_id":224,"service_id":2,"counter_id":1,"user_id":1,"token_letter":"g","token_number":13,"called_date":"2024-01-25","started_at":"2024-01-25 16:19:10","ended_at":null,"waiting_time":"02:22:37","served_time":null,"turn_around_time":null,"created_at":"2024-01-25T16:19:10.000000Z","updated_at":"2024-01-25T16:19:10.000000Z","call_status_id":null,"counter_time":0},{"id":19,"queue_id":223,"service_id":2,"counter_id":1,"user_id":1,"token_letter":"g","token_number":12,"called_date":"2024-01-25","started_at":"2024-01-25 16:13:01","ended_at":"2024-01-25 16:13:36","waiting_time":"02:16:42","served_time":"00:00:35","turn_around_time":"02:17:17","created_at":"2024-01-25T16:13:01.000000Z","updated_at":"2024-01-25T16:13:36.000000Z","call_status_id":1,"counter_time":369},{"id":18,"queue_id":222,"service_id":2,"counter_id":1,"user_id":1,"token_letter":"g","token_number":11,"called_date":"2024-01-25","started_at":"2024-01-25 13:55:25","ended_at":"2024-01-25 16:12:56","waiting_time":"00:15:55","served_time":"02:17:31","turn_around_time":"02:33:26","created_at":"2024-01-25T13:55:25.000000Z","updated_at":"2024-01-25T16:12:56.000000Z","call_status_id":1,"counter_time":8625},{"id":17,"queue_id":221,"service_id":2,"counter_id":1,"user_id":1,"token_letter":"g","token_number":10,"called_date":"2024-01-25","started_at":"2024-01-25 13:51:19","ended_at":"2024-01-25 13:54:42","waiting_time":"03:54:31","served_time":"00:03:23","turn_around_time":"03:57:54","created_at":"2024-01-25T13:51:19.000000Z","updated_at":"2024-01-25T13:54:42.000000Z","call_status_id":1,"counter_time":8871},{"id":16,"queue_id":220,"service_id":2,"counter_id":1,"user_id":1,"token_letter":"g","token_number":9,"called_date":"2024-01-25","started_at":"2024-01-25 13:50:19","ended_at":"2024-01-25 13:51:10","waiting_time":"03:57:15","served_time":"00:00:51","turn_around_time":"03:58:06","created_at":"2024-01-25T13:50:19.000000Z","updated_at":"2024-01-25T13:51:10.000000Z","call_status_id":1,"counter_time":8931},{"id":15,"queue_id":219,"service_id":2,"counter_id":1,"user_id":1,"token_letter":"g","token_number":8,"called_date":"2024-01-25","started_at":"2024-01-25 13:49:57","ended_at":"2024-01-25 13:50:13","waiting_time":"03:56:59","served_time":"00:00:16","turn_around_time":"03:57:15","created_at":"2024-01-25T13:49:57.000000Z","updated_at":"2024-01-25T13:50:13.000000Z","call_status_id":1,"counter_time":8953},{"id":14,"queue_id":218,"service_id":2,"counter_id":1,"user_id":1,"token_letter":"g","token_number":7,"called_date":"2024-01-25","started_at":"2024-01-25 13:34:45","ended_at":"2024-01-25 13:36:51","waiting_time":"03:41:57","served_time":"00:02:06","turn_around_time":"03:44:03","created_at":"2024-01-25T13:34:45.000000Z","updated_at":"2024-01-25T13:36:51.000000Z","call_status_id":1,"counter_time":9865},{"id":13,"queue_id":217,"service_id":2,"counter_id":1,"user_id":1,"token_letter":"g","token_number":6,"called_date":"2024-01-25","started_at":"2024-01-25 10:17:49","ended_at":"2024-01-25 13:34:38","waiting_time":"00:25:10","served_time":"03:16:49","turn_around_time":"03:41:59","created_at":"2024-01-25T10:17:49.000000Z","updated_at":"2024-01-25T13:34:38.000000Z","call_status_id":1,"counter_time":21681},{"id":12,"queue_id":214,"service_id":2,"counter_id":1,"user_id":1,"token_letter":"g","token_number":5,"called_date":"2024-01-25","started_at":"2024-01-25 10:13:36","ended_at":"2024-01-25 10:13:50","waiting_time":"01:20:01","served_time":"00:00:14","turn_around_time":"01:20:15","created_at":"2024-01-25T10:13:36.000000Z","updated_at":"2024-01-25T10:13:50.000000Z","call_status_id":1,"counter_time":21934},{"id":11,"queue_id":213,"service_id":2,"counter_id":1,"user_id":1,"token_letter":"g","token_number":4,"called_date":"2024-01-25","started_at":"2024-01-25 10:11:45","ended_at":"2024-01-25 10:13:24","waiting_time":"01:18:16","served_time":"00:01:39","turn_around_time":"01:19:55","created_at":"2024-01-25T10:11:45.000000Z","updated_at":"2024-01-25T10:13:24.000000Z","call_status_id":1,"counter_time":22045},{"id":10,"queue_id":212,"service_id":2,"counter_id":1,"user_id":1,"token_letter":"g","token_number":3,"called_date":"2024-01-25","started_at":"2024-01-25 09:56:18","ended_at":"2024-01-25 09:57:39","waiting_time":"01:25:47","served_time":"00:01:21","turn_around_time":"01:27:08","created_at":"2024-01-25T09:56:18.000000Z","updated_at":"2024-01-25T09:57:39.000000Z","call_status_id":1,"counter_time":22972},{"id":9,"queue_id":211,"service_id":2,"counter_id":1,"user_id":1,"token_letter":"g","token_number":2,"called_date":"2024-01-25","started_at":"2024-01-25 09:55:57","ended_at":"2024-01-25 09:56:15","waiting_time":"04:27:50","served_time":"00:00:18","turn_around_time":"04:28:08","created_at":"2024-01-25T09:55:57.000000Z","updated_at":"2024-01-25T09:56:15.000000Z","call_status_id":1,"counter_time":22993},{"id":8,"queue_id":209,"service_id":2,"counter_id":1,"user_id":1,"token_letter":"g","token_number":1,"called_date":"2024-01-25","started_at":"2024-01-25 09:55:34","ended_at":"2024-01-25 09:55:52","waiting_time":"04:28:13","served_time":"00:00:18","turn_around_time":"04:28:31","created_at":"2024-01-25T09:55:34.000000Z","updated_at":"2024-01-25T09:55:52.000000Z","call_status_id":1,"counter_time":23016},{"id":7,"queue_id":216,"service_id":1,"counter_id":1,"user_id":1,"token_letter":"R","token_number":3,"called_date":"2024-01-25","started_at":"2024-01-25 09:49:37","ended_at":"2024-01-25 09:50:34","waiting_time":"00:55:25","served_time":"00:00:57","turn_around_time":"00:56:22","created_at":"2024-01-25T09:49:58.000000Z","updated_at":"2024-01-25T09:50:34.000000Z","call_status_id":1,"counter_time":23373},{"id":5,"queue_id":215,"service_id":1,"counter_id":1,"user_id":1,"token_letter":"R","token_number":2,"called_date":"2024-01-25","started_at":"2024-01-25 09:22:28","ended_at":"2024-01-25 09:22:58","waiting_time":"00:28:21","served_time":"00:00:30","turn_around_time":"00:28:51","created_at":"2024-01-25T09:22:28.000000Z","updated_at":"2024-01-25T09:22:58.000000Z","call_status_id":1,"counter_time":25002},{"id":4,"queue_id":210,"service_id":1,"counter_id":1,"user_id":1,"token_letter":"R","token_number":1,"called_date":"2024-01-25","started_at":"2024-01-25 05:28:13","ended_at":"2024-01-25 05:28:22","waiting_time":"00:00:19","served_time":"00:00:09","turn_around_time":"00:00:28","created_at":"2024-01-25T05:28:13.000000Z","updated_at":"2024-01-25T05:28:22.000000Z","call_status_id":1,"counter_time":39057}]}